Sample, Allele ID, % of reads, Allele type, Indel, Large indel, Design
barcode01,1,12.0,abnormal,+,+,-
barcode01,2,57.0,abnormal,+,+,-
barcode01,3,30.9,target,+,-,-
barcode02,1,21.0,abnormal,+,+,-
barcode02,2,79.0,target,+,-,-
barcode03,1,20.1,abnormal,+,+,-
barcode03,2,55.8,abnormal,+,+,-
barcode03,3,3.5,target,+,-,-
barcode03,4,20.6,target,+,-,-
barcode04,1,21.5,abnormal,+,+,-
barcode04,2,68.9,abnormal,+,+,-
barcode04,3,9.6,wt,+,-,-
barcode05,1,42.7,abnormal,+,+,-
barcode05,2,57.3,target,+,-,-
barcode06,1,58.1,abnormal,+,+,-
barcode06,2,41.9,abnormal,+,+,-
barcode07,1,100.0,abnormal,+,+,-
barcode08,1,69.7,abnormal,+,+,-
barcode08,2,3.5,target,+,-,-
barcode08,3,26.8,target,+,-,-
barcode09,1,12.1,abnormal,+,+,-
barcode09,2,87.9,abnormal,+,+,-
barcode10,1,91.3,abnormal,+,+,-
barcode10,2,8.7,wt,+,-,-
barcode11,1,15.8,abnormal,+,+,-
barcode11,2,61.9,abnormal,+,+,-
barcode11,3,2.8,target,+,-,-
barcode11,4,19.6,target,+,-,-
barcode12,1,95.6,abnormal,+,+,-
barcode12,2,4.4,wt,+,-,-
barcode13,1,97.0,abnormal,+,+,-
barcode13,2,3.0,wt,+,-,-
barcode14,1,13.6,abnormal,+,+,-
barcode14,2,38.2,abnormal,+,+,-
barcode14,3,23.3,abnormal,+,+,-
barcode14,4,24.9,target,+,-,-
barcode15,1,9.5,abnormal,+,+,-
barcode15,2,29.4,abnormal,+,+,-
barcode15,3,61.1,target,+,-,-
barcode16,1,95.2,abnormal,+,+,-
barcode16,2,4.8,wt,+,-,-
barcode17,1,41.1,abnormal,+,+,-
barcode17,2,58.9,abnormal,+,+,-
barcode18,1,14.0,abnormal,+,+,-
barcode18,2,84.0,abnormal,+,+,-
barcode18,3,2.0,inversion,+,-,-
barcode19,1,26.5,abnormal,+,+,-
barcode19,2,8.0,target,+,-,-
barcode19,3,60.9,target,+,-,-
barcode19,4,4.7,wt,+,-,-
barcode20,1,93.9,abnormal,+,+,-
barcode20,2,6.1,wt,+,-,-
barcode21,1,50.0,abnormal,+,+,-
barcode21,2,42.3,target,+,-,-
barcode21,3,7.8,wt,+,-,-
barcode22,1,17.8,abnormal,+,+,-
barcode22,2,18.7,abnormal,+,+,-
barcode22,3,63.5,target,+,-,-
barcode23,1,17.2,abnormal,+,+,-
barcode23,2,17.4,abnormal,+,+,-
barcode23,3,65.4,target,-,-,+
barcode24,1,22.7,abnormal,+,+,-
barcode24,2,10.7,target,+,-,-
barcode24,3,62.3,target,+,-,-
barcode24,4,4.3,wt,+,-,-
barcode25,1,46.7,abnormal,+,+,-
barcode25,2,25.7,target,-,-,+
barcode25,3,27.6,target,+,-,-
barcode26,1,2.9,abnormal,+,+,-
barcode26,2,97.1,abnormal,+,+,-
barcode27,1,48.7,abnormal,+,+,-
barcode27,2,22.9,abnormal,+,+,-
barcode27,3,28.4,target,+,-,-
barcode28,1,68.1,abnormal,+,+,-
barcode28,2,24.0,abnormal,+,+,-
barcode28,3,7.9,target,+,-,-
barcode29,1,22.3,abnormal,+,+,-
barcode29,2,77.7,abnormal,+,+,-
barcode30,1,32.4,abnormal,+,+,-
barcode30,2,4.5,target,+,-,-
barcode30,3,63.1,target,+,-,-
barcode31,1,97.4,abnormal,+,+,-
barcode31,2,2.6,target,+,-,-
barcode32,1,97.0,abnormal,+,+,-
barcode32,2,3.0,wt,+,-,-
barcode33,1,2.1,abnormal,+,+,-
barcode33,2,40.6,abnormal,+,+,-
barcode33,3,45.4,target,+,-,-
barcode33,4,11.9,target,+,-,-
barcode34,1,15.0,abnormal,+,+,-
barcode34,2,33.0,abnormal,+,+,-
barcode34,3,52.1,target,+,-,-
barcode35,1,57.3,abnormal,+,+,-
barcode35,2,30.5,target,+,-,-
barcode35,3,5.2,target,+,-,-
barcode35,4,4.0,target,+,-,-
barcode35,5,3.0,wt,+,-,-
barcode36,1,82.9,abnormal,+,+,-
barcode36,2,17.1,abnormal,+,+,-
barcode37,1,22.1,abnormal,+,+,-
barcode37,2,5.9,target,+,-,-
barcode37,3,65.5,target,+,-,-
barcode37,4,3.6,wt,+,-,-
barcode37,5,2.9,wt,+,-,-
barcode38,1,93.9,abnormal,+,+,-
barcode38,2,6.1,wt,+,-,-
barcode39,1,52.7,abnormal,+,+,-
barcode39,2,47.3,abnormal,+,+,-
barcode40,1,55.8,abnormal,+,+,-
barcode40,2,30.8,abnormal,+,+,-
barcode40,3,2.7,inversion,+,-,-
barcode40,4,10.6,inversion,+,-,-
barcode41,1,62.2,abnormal,+,+,-
barcode41,2,37.8,abnormal,+,+,-
barcode42,1,67.3,abnormal,+,+,-
barcode42,2,32.7,abnormal,+,+,-
barcode43,1,28.7,abnormal,+,+,-
barcode43,2,62.4,target,+,-,-
barcode43,3,8.9,target,+,-,-
barcode44,1,100.0,abnormal,+,+,-
barcode45,1,100.0,abnormal,+,+,-
barcode46,1,22.7,abnormal,+,+,-
barcode46,2,72.1,target,-,-,+
barcode46,3,5.2,wt,+,-,-
barcode47,1,94.7,abnormal,+,+,-
barcode47,2,5.3,wt,+,-,-
barcode48,1,10.4,abnormal,+,+,-
barcode48,2,76.1,abnormal,+,+,-
barcode48,3,13.5,target,+,-,-
barcode49,1,9.0,abnormal,+,+,-
barcode49,2,91.0,abnormal,+,+,-
barcode50,1,2.4,abnormal,+,+,-
barcode50,2,97.6,abnormal,+,+,-
barcode51,1,95.3,abnormal,+,+,-
barcode51,2,4.7,inversion,+,-,-
barcode52,1,3.1,abnormal,+,+,-
barcode52,2,7.6,abnormal,+,+,-
barcode52,3,61.4,abnormal,+,+,-
barcode52,4,27.9,target,+,-,-
barcode53,1,3.3,abnormal,+,+,-
barcode53,2,96.7,abnormal,+,+,-
barcode54,1,24.0,abnormal,+,+,-
barcode54,2,76.0,abnormal,+,+,-
barcode55,1,100.0,abnormal,+,+,-
barcode56,1,45.5,abnormal,+,+,-
barcode56,2,54.5,abnormal,+,+,-
barcode57,1,49.1,abnormal,+,+,-
barcode57,2,7.7,target,+,-,-
barcode57,3,43.2,target,+,-,-
barcode58,1,96.4,abnormal,+,+,-
barcode58,2,3.6,wt,+,-,-
barcode59,1,25.2,abnormal,+,+,-
barcode59,2,74.8,abnormal,+,+,-
barcode60,1,8.1,abnormal,+,+,-
barcode60,2,76.1,abnormal,+,+,-
barcode60,3,10.5,abnormal,+,+,-
barcode60,4,5.2,wt,+,-,-
barcode61,1,23.7,abnormal,+,+,-
barcode61,2,53.0,abnormal,+,+,-
barcode61,3,17.5,target,+,-,-
barcode61,4,5.7,target,+,-,-
barcode62,1,100.0,abnormal,+,+,-
barcode63,1,74.7,abnormal,+,+,-
barcode63,2,25.3,abnormal,+,+,-
barcode64,1,7.0,abnormal,+,+,-
barcode64,2,90.6,abnormal,+,+,-
barcode64,3,2.5,wt,+,-,-
barcode68,1,4.7,abnormal,+,+,-
barcode68,2,21.0,abnormal,+,+,-
barcode68,3,74.3,wt,+,-,-
barcode69,1,4.8,abnormal,+,+,-
barcode69,2,7.9,abnormal,+,+,-
barcode69,3,3.5,abnormal,+,+,-
barcode69,4,83.7,wt,-,-,-
barcode70,1,5.2,abnormal,+,+,-
barcode70,2,12.2,abnormal,+,+,-
barcode70,3,82.6,wt,-,-,-
barcode71,1,5.2,abnormal,+,+,-
barcode71,2,18.9,abnormal,+,+,-
barcode71,3,75.9,wt,-,-,-
barcode72,1,4.6,abnormal,+,+,-
barcode72,2,7.8,abnormal,+,+,-
barcode72,3,9.1,abnormal,+,+,-
barcode72,4,78.4,wt,-,-,-
